Workbook

Sheet Raw Data (Messy)
A1: RAW DATA — AS RECEIVED (contains real-world data quality issues)
A3: OrderID | B3: Date | C3: Product | D3: Category | E3: Region | F3: SalesRep | G3: Quantity | H3: UnitPrice
A4: ORD1101 | B4: 15-Jan-2024 | C4: usb-c hub | D4: Accessories | E4: West | G4: 14 | H4: 1299
A5: ORD1577 | B5: 2024-03-29 00:00:00 | C5: Mechanical Keyboard | D5: Accessories | E5: North | F5: Karan Mehta | G5: 1 | H5: 2499
A6: ORD1409 | B6: 2024-04-02 00:00:00 | C6: Desk Lamp | D6: Furniture | E6: South | F6: Sneha Patel | G6: 14 | H6: 699
A7: ORD1499 | B7: 2024-01-11 00:00:00 | C7: Laptop Stand | D7: Furniture | E7: South | F7: Priya Singh | H7: 899
A8: ORD1224 | B8: 2024-01-23 00:00:00 | C8: Power Bank | D8: Electronics | E8: West | F8: Karan Mehta | G8: 12 | H8: 1499
A9: ORD1340 | B9: 2024-10-13 00:00:00 | C9: Laptop Stand | D9: Furniture | E9: South | F9: Rohit Verma | G9: 13 | H9: 899
A10: ORD1482 | B10: 2024-05-12 00:00:00 | C10: Webcam HD | D10: Electronics | E10: West | F10: Karan Mehta | G10: 2 | H10: 1999
A11: ORD1041 | B11: 2024-10-29 00:00:00 | C11: Desk Lamp | D11: Furniture | E11: East | F11: Amit Sharma | G11: 12 | H11: 699
A12: ORD1047 | B12: 2024-02-19 00:00:00 | C12: Wireless Mouse | D12: Accessories | E12: South | F12: Sneha Patel | H12: 499
A13: ORD1553 | B13: 2024-08-02 00:00:00 | C13: Wireless Mouse | D13: Accessories | E13: WEST | F13: Karan Mehta | G13: 11 | H13: 499
A14: ORD1603 | B14: 2024-05-29 00:00:00 | C14: Laptop Stand | D14: Furniture | E14: South | F14: Rohit Verma | G14: 14 | H14: 899
A15: ORD1521 | B15: 2024-01-06 00:00:00 | C15: Wireless Mouse | D15: Accessories | E15: West | F15: Priya Singh | G15: 10 | H15: 499
A16: ORD1292 | B16: 2024-09-13 00:00:00 | C16: Cable Organizer | D16: Accessories | E16: North | F16: Amit Sharma | G16: 3 | H16: 299
A17: ORD1069 | B17: 2024-10-20 00:00:00 | C17: Power Bank | D17: Electronics | E17: North | F17: Priya Singh | G17: 12 | H17: 1499
A18: ORD1610 | B18: 2024-08-10 00:00:00 | C18: Desk Lamp | D18: Furniture | E18: South | F18: Amit Sharma | G18: 11 | H18: 699
A19: ORD1233 | B19: 2024-09-25 00:00:00 | C19: Cable Organizer | D19: Accessories | E19: East | F19: Sneha Patel | G19: 12 | H19: 299
A20: ORD1632 | B20: 2024-07-21 00:00:00 | C20: Mechanical Keyboard | D20: Accessories | E20: South | F20: Amit Sharma | G20: 13 | H20: 2499
A21: ORD1023 | B21: 2024-05-14 00:00:00 | C21: Desk Lamp | D21: Furniture | E21: East | F21: Sneha Patel | G21: 11 | H21: 699
A22: ORD1551 | B22: 2024-06-28 00:00:00 | C22: Cable Organizer | D22: Accessories | E22: North | F22: Rohit Verma | G22: 13 | H22: 299
A23: ORD1013 | B23: 2024-10-02 00:00:00 | C23: Mechanical Keyboard | D23: Accessories | E23: West | F23: Priya Singh | G23: 6 | H23: 2499
A24: ORD1475 | B24: 2024-07-09 00:00:00 | C24: Power Bank | D24: Electronics | E24: East | F24: Sneha Patel | G24: 2 | H24: 1499
... A47: ORD1165 | B47: 2024-05-09 00:00:00 | C47: Wireless Mouse | D47: Accessories | E47: North | F47: Rohit Verma | G47: 8 | H47: 499
A48: ORD1371 | B48: 2024-12-04 00:00:00 | C48: Power Bank | D48: Electronics | E48: North | F48: Amit Sharma | H48: 1499
A49: ORD1034 | B49: 2024-09-26 00:00:00 | C49: Bluetooth Speaker | D49: Electronics | E49: West | F49: Priya Singh | G49: 1 | H49: 1799
A50: ORD1200 | B50: 2024-08-27 00:00:00 | C50: Cable Organizer | D50: Accessories | E50: East | F50: Karan Mehta | G50: 7 | H50: 299
A51: ORD1181 | B51: 2024-06-12 00:00:00 | C51: USB-C Hub | D51: Accessories | E51: East | F51: Priya Singh | G51: 7 | H51: 1299
A52: ORD1363 | B52: 2024-05-10 00:00:00 | C52: Laptop Stand | D52: Furniture | E52: West | F52: Karan Mehta | G52: 9 | H52: 899
A53: ORD1504 | B53: 2024-01-04 00:00:00 | C53: USB-C Hub | D53: Accessories | E53: East | F53: Rohit Verma | G53: 1 | H53: 1299
A54: ORD1589 | B54: 2024-08-31 00:00:00 | C54: Monitor 24in | D54: Electronics | E54: North | F54: Amit Sharma | G54: 3 | H54: 8999
A55: ORD1159 | B55: 2024-05-09 00:00:00 | C55: USB-C Hub | D55: Accessories | E55: East | F55: Priya Singh | G55: 8 | H55: 1299
A56: ORD1419 | B56: 2024-04-05 00:00:00 | C56: Cable Organizer | D56: Accessories | E56: East | F56: Karan Mehta | G56: 7 | H56: 299
A57: ORD1088 | B57: 2024-08-02 00:00:00 | C57: Monitor 24in | D57: Electronics | E57: North | F57: Sneha Patel | G57: 12 | H57: 8999
A58: ORD1107 | B58: 2024-01-28 00:00:00 | C58: Laptop Stand | D58: Furniture | E58: East | F58: Karan Mehta | G58: 10 | H58: 899
A59: ORD1201 | B59: 2024-04-05 00:00:00 | C59: Webcam HD | D59: Electronics | E59: south | F59: Karan Mehta | G59: 5 | H59: 1999
A60: ORD1526 | B60: 2024-05-29 00:00:00 | C60: USB-C Hub | D60: Accessories | E60: West | F60: Priya Singh | G60: 10 | H60: 1299
... A64: ORD1426 | B64: 2024-06-22 00:00:00 | C64: Laptop Stand | D64: Furniture | E64: West | F64: Karan Mehta | G64: 2 | H64: 899
A65: ORD1406 | B65: 2024-05-07 00:00:00 | C65: Laptop Stand | D65: Furniture | E65: West | F65: Priya Singh | G65: 12
A66: ORD1506 | B66: 2024-01-17 00:00:00 | C66: Monitor 24in | D66: Electronics | E66: South | F66: Amit Sharma | G66: 7 | H66: 8999
A67: ORD1373 | B67: 09-21-2024 | C67: Desk Lamp | D67: Furniture | E67: East | F67: Priya Singh | G67: 6 | H67: 699
A68: ORD1376 | B68: 2024-09-10 00:00:00 | C68: Laptop Stand | D68: Furniture | E68: West | F68: Amit Sharma | G68: 8 | H68: 899
A69: ORD1277 | B69: 2024-06-13 00:00:00 | C69: Monitor 24in | D69: Electronics | E69: West | F69: Sneha Patel | G69: 7 | H69: 8999
A70: ORD1554 | B70: 2024-09-04 00:00:00 | C70: Webcam HD | D70: Electronics | E70: East | F70: Sneha Patel | H70: 1999
A71: ORD1092 | B71: 2024-09-17 00:00:00 | C71: Laptop Stand | D71: Furniture | E71: North | G71: 13 | H71: 899
A72: ORD1268 | B72: 2024-03-09 00:00:00 | C72: Webcam HD | D72: Electronics | E72: West | F72: Amit Sharma | G72: 13 | H72: 1999
A73: ORD1427 | B73: 2024-05-03 00:00:00 | C73: Wireless Mouse | D73: Accessories | E73: West | F73: Rohit Verma | G73: 10 | H73: 499
A74: ORD1442 | B74: 2024-04-01 00:00:00 | C74: Webcam HD | D74: Electronics | E74: West | F74: Karan Mehta | G74: 10 | H74: 1999
A75: ORD1085 | B75: 2024-06-11 00:00:00 | C75: Webcam HD | D75: Electronics | E75: West | F75: Karan Mehta | G75: 2 | H75: 1999
A76: ORD1082 | B76: 2024-03-13 00:00:00 | C76: Webcam HD | D76: Electronics | E76: North | F76: Karan Mehta | G76: 2 | H76: 1999
A77: ORD1065 | B77: 2024-09-21 00:00:00 | C77: Webcam HD | D77: Electronics | E77: WEST | F77: Rohit Verma | G77: 3 | H77: 1999
A78: ORD1011 | B78: 2024-08-12 00:00:00 | C78: Bluetooth Speaker | D78: Electronics | E78: North | F78: Sneha Patel | G78: 2 | H78: 1799
A79: ORD1341 | B79: 02-29-2024 | C79: Power Bank | D79: Electronics | E79: South | F79: Sneha Patel | G79: 7 | H79: 1499
A80: ORD1529 | B80: 2024-07-30 00:00:00 | C80: Wireless Mouse | D80: Accessories | E80: West | F80: Rohit Verma | G80: 11 | H80: 499
A81: ORD1333 | B81: 2024-03-19 00:00:00 | C81: Webcam HD | D81: Electronics | E81: West | G81: 9 | H81: 1999
A82: ORD1565 | B82: 2024-06-15 00:00:00 | C82: Webcam HD | D82: Electronics | E82: East | F82: Sneha Patel | G82: 2 | H82: 1999
A83: ORD1607 | B83: 2024-08-15 00:00:00 | C83: Mechanical Keyboard | D83: Accessories | E83: East | F83: Sneha Patel | G83: 5 | H83: 2499
A84: ORD1494 | B84: 2024-03-31 00:00:00 | C84: Cable Organizer | D84: Accessories | E84: West | F84: Karan Mehta | G84: 1 | H84: 299
A85: ORD1285 | B85: 2024-09-17 00:00:00 | C85: Laptop Stand | D85: Furniture | E85: North | F85: Amit Sharma | G85: 12 | H85: 899
A86: ORD1524 | B86: 2024-02-20 00:00:00 | C86: Power Bank | D86: Electronics | E86: East | F86: Rohit Verma | G86: 7 | H86: 1499
A87: ORD1179 | B87: 2024-02-01 00:00:00 | C87: Power Bank | D87: Electronics | E87: West | F87: Amit Sharma | G87: 6 | H87: 1499
A88: ORD1473 | B88: 2024-05-19 00:00:00 | C88: USB-C Hub | D88: Accessories | E88: North | F88: Sneha Patel | G88: 10 | H88: 1299
A89: ORD1274 | B89: 2024-09-18 00:00:00 | C89: Laptop Stand | D89: Furniture | E89: North | F89: Rohit Verma | G89: 11 | H89: 899
A90: ORD1049 | B90: 2024-03-02 00:00:00 | C90: Wireless Mouse | D90: Accessories | E90: south | F90: Rohit Verma | G90: 11 | H90: 499
A91: ORD1593 | B91: 2024-03-23 00:00:00 | C91: Monitor 24in | D91: Electronics | E91: North | F91: Priya Singh | G91: 12 | H91: 8999
A92: ORD1185 | B92: 2024-12-01 00:00:00 | C92: Mechanical Keyboard | D92: Accessories | E92: East | F92: Rohit Verma | G92: 1 | H92: 2499
A93: ORD1172 | B93: 2024-06-11 00:00:00 | C93: Wireless Mouse | D93: Accessories | E93: South | F93: Karan Mehta | G93: 5 | H93: 499
... A99: ORD1557 | B99: 2024-03-20 00:00:00 | C99: Bluetooth Speaker | D99: Electronics | E99: South | F99: Sneha Patel | G99: 8 | H99: 1799
A100: ORD1148 | B100: 2024-04-30 00:00:00 | C100: Mechanical Keyboard | D100: Accessories | E100: East | F100: Amit Sharma | G100: 1
A101: ORD1578 | B101: 2024-03-17 00:00:00 | C101: USB-C Hub | D101: Accessories | E101: West | F101: Karan Mehta | G101: 10 | H101: 1299
A102: ORD1623 | B102: 2024-10-01 00:00:00 | C102: Desk Lamp | D102: Furniture | E102: South | F102: Rohit Verma | G102: 10 | H102: 699
A103: ORD1464 | B103: 2024-11-19 00:00:00 | C103: Laptop Stand | D103: Furniture | E103: West | F103: Priya Singh | G103: 13 | H103: 899
A104: ORD1586 | B104: 2024-08-04 00:00:00 | C104: Mechanical Keyboard | D104: Accessories | E104: East | F104: Rohit Verma | G104: 6 | H104: 2499
A105: ORD1062 | B105: 2024-01-22 00:00:00 | C105: USB-C Hub | D105: Accessories | E105: West | F105: Sneha Patel | G105: 5 | H105: 1299
A106: ORD1448 | B106: 2024-12-14 00:00:00 | C106: Mechanical Keyboard | D106: Accessories | E106: West | F106: Priya Singh | G106: 3 | H106: 2499
A107: ORD1257 | B107: 2024-11-18 00:00:00 | C107: Mechanical Keyboard | D107: Accessories | E107: North | F107: Rohit Verma | G107: 9 | H107: 2499
A108: ORD1491 | B108: 2024-07-21 00:00:00 | C108: Mechanical Keyboard | D108: Accessories | E108: South | F108: Amit Sharma | G108: 13 | H108: 2499
A109: ORD1523 | B109: 2024-09-20 00:00:00 | C109: Webcam HD | D109: Electronics | E109: South | F109: Priya Singh | G109: 4 | H109: 1999
A110: ORD1311 | B110: 2024-03-08 00:00:00 | C110: Mechanical Keyboard | D110: Accessories | E110: East | F110: Rohit Verma | H110: 2499
A111: ORD1247 | B111: 2024-05-12 00:00:00 | C111: Power Bank | D111: Electronics | E111: South | F111: Karan Mehta | G111: 7 | H111: 1499
A112: ORD1255 | B112: 2024-01-19 00:00:00 | C112: Cable Organizer | D112: Accessories | E112: North | F112: Priya Singh | G112: 3 | H112: 299
A113: ORD1354 | B113: 2024-02-15 00:00:00 | C113: Bluetooth Speaker | D113: Electronics | E113: South | F113: Priya Singh | G113: 12 | H113: 1799
A114: ORD1017 | B114: 2024-11-28 00:00:00 | C114: Laptop Stand | D114: Furniture | E114: East | F114: Karan Mehta | G114: 5 | H114: 899
A115: ORD1187 | B115: 2024-04-22 00:00:00 | C115: Cable Organizer | D115: Accessories | E115: North | F115: Karan Mehta | G115: 5
A116: ORD1291 | B116: 2024-03-23 00:00:00 | C116: Laptop Stand | D116: Furniture | E116: North | F116: Amit Sharma | G116: 6 | H116: 899
A117: ORD1060 | B117: 2024-01-16 00:00:00 | C117: Webcam HD | D117: Electronics | E117: North | F117: Sneha Patel | G117: 6 | H117: 1999
A118: ORD1261 | B118: 2024-10-10 00:00:00 | C118: USB-C Hub | D118: Accessories | E118: South | F118: Amit Sharma | G118: 4 | H118: 1299
A119: ORD1090 | B119: 2024-11-18 00:00:00 | C119: Monitor 24in | D119: Electronics | E119: SOUTH | F119: Rohit Verma | G119: 11 | H119: 8999
A120: ORD1392 | B120: 2024-04-12 00:00:00 | C120: Power Bank | D120: Electronics | E120: East | F120: Sneha Patel | G120: 7 | H120: 1499
A121: ORD1453 | B121: 2024-10-14 00:00:00 | C121: Mechanical Keyboard | D121: Accessories | E121: West | F121: Sneha Patel | G121: 2 | H121: 2499
A122: ORD1323 | B122: 2024-04-04 00:00:00 | C122: Monitor 24in | D122: Electronics | E122: South | F122: Sneha Patel | G122: 7 | H122: 8999
A123: ORD1250 | B123: 2024-05-23 00:00:00 | C123: Bluetooth Speaker | D123: Electronics | E123: South | F123: Priya Singh | G123: 10 | H123: 1799
A124: ORD1359 | B124: 2024-08-23 00:00:00 | C124: USB-C Hub | D124: Accessories | E124: West | F124: Priya Singh | G124: 7 | H124: 1299
A125: ORD1160 | B125: 2024-08-28 00:00:00 | C125: Webcam HD | D125: Electronics | E125: South | F125: Karan Mehta | G125: 5 | H125: 1999
A126: ORD1120 | B126: 2024-04-01 00:00:00 | C126: Cable Organizer | D126: Accessories | E126: West | F126: Rohit Verma | G126: 6 | H126: 299
A127: ORD1029 | B127: 2024-03-17 00:00:00 | C127: Webcam HD | D127: Electronics | E127: West | F127: Rohit Verma | G127: 10 | H127: 1999
A128: ORD1487 | B128: 2024-07-28 00:00:00 | C128: Mechanical Keyboard | D128: Accessories | E128: North | F128: Priya Singh | H128: 2499
A129: ORD1520 | B129: 2024-09-02 00:00:00 | C129: Wireless Mouse | D129: Accessories | E129: North | F129: Rohit Verma | G129: 13 | H129: 499
A130: ORD1472 | B130: 2024-04-09 00:00:00 | C130: Monitor 24in | D130: Electronics | E130: East | F130: Amit Sharma | G130: 4 | H130: 8999
A131: ORD1364 | B131: 2024-01-20 00:00:00 | C131: Mechanical Keyboard | D131: Accessories | E131: West | F131: Karan Mehta | G131: 7 | H131: 2499
...

Sheet Data Cleaning Log
B2: DATA CLEANING PROCESS
B3: Documented steps taken to clean the raw dataset before analysis
B5: Step | C5: Action Taken
B6: 1 | C6: Starting rows: 635
B7: 2 | C7: Dates standardized to YYYY-MM-DD. Unparseable dates: 0
B8: 3 | C8: Trimmed whitespace and standardized casing in Product (canonical map), Category, Region, SalesRep
B9: 4 | C9: Removed 15 duplicate transaction entries
B10: 5 | C10: Corrected 6 negative quantity entries (data entry errors) to positive
B11: 6 | C11: Filled 18 missing Quantity values using category median
B12: 7 | C12: Filled 12 missing UnitPrice values using product-level median price
B13: 8 | C13: Labeled 8 missing SalesRep entries as 'Unassigned' (kept rows, revenue still counted)
B14: 9 | C14: Final clean rows: 620
B17: BEFORE vs AFTER
B18: Metric | C18: Raw Data | D18: Clean Data
B19: Total Rows | C19: 635 | D19: 620
B20: Missing Quantity | C20: 18 | D20: 0
B21: Missing UnitPrice | C21: 12 | D21: 0
B22: Missing SalesRep | C22: 8 | D22: 0
B23: Duplicate Transactions | C23: 15 | D23: 0
B24: Negative Quantity Errors | C24: 6 | D24: 0

Sheet Clean Data
A1: OrderID | B1: Date | C1: Product | D1: Category | E1: Region | F1: SalesRep | G1: Quantity | H1: UnitPrice | I1: TotalSale
A2: ORD1086 | B2: 2024-01-01 | C2: Wireless Mouse | D2: Accessories | E2: East | F2: Sneha Patel | G2: 8 | H2: 499 | I2: =G2*H2 -> 3992
A3: ORD1100 | B3: 2024-01-01 | C3: USB-C Hub | D3: Accessories | E3: South | F3: Priya Singh | G3: 3 | H3: 1299 | I3: =G3*H3 -> 3897
A4: ORD1154 | B4: 2024-01-01 | C4: Cable Organizer | D4: Accessories | E4: North | F4: Amit Sharma | G4: 12 | H4: 299 | I4: =G4*H4 -> 3588
A5: ORD1003 | B5: 2024-01-01 | C5: Monitor 24in | D5: Electronics | E5: East | F5: Sneha Patel | G5: 13 | H5: 8999 | I5: =G5*H5 -> 116987
A6: ORD1573 | B6: 2024-01-01 | C6: Wireless Mouse | D6: Accessories | E6: South | F6: Amit Sharma | G6: 3 | H6: 499 | I6: =G6*H6 -> 1497
A7: ORD1126 | B7: 2024-01-01 | C7: Bluetooth Speaker | D7: Electronics | E7: East | F7: Priya Singh | G7: 7 | H7: 1799 | I7: =G7*H7 -> 12593
A8: ORD1495 | B8: 2024-01-04 | C8: Webcam HD | D8: Electronics | E8: North | F8: Rohit Verma | G8: 8 | H8: 1999 | I8: =G8*H8 -> 15992
A9: ORD1225 | B9: 2024-01-04 | C9: Cable Organizer | D9: Accessories | E9: South | F9: Priya Singh | G9: 9 | H9: 299 | I9: =G9*H9 -> 2691
A10: ORD1504 | B10: 2024-01-04 | C10: USB-C Hub | D10: Accessories | E10: East | F10: Rohit Verma | G10: 1 | H10: 1299 | I10: =G10*H10 -> 1299
A11: ORD1112 | B11: 2024-01-05 | C11: Cable Organizer | D11: Accessories | E11: South | F11: Sneha Patel | G11: 6 | H11: 299 | I11: =G11*H11 -> 1794
A12: ORD1443 | B12: 2024-01-05 | C12: Laptop Stand | D12: Furniture | E12: South | F12: Sneha Patel | G12: 12 | H12: 899 | I12: =G12*H12 -> 10788
A13: ORD1025 | B13: 2024-01-06 | C13: Mechanical Keyboard | D13: Accessories | E13: East | F13: Karan Mehta | G13: 10 | H13: 2499 | I13: =G13*H13 -> 24990
... A621: ORD1493 | B621: 2024-12-31 | C621: Mechanical Keyboard | D621: Accessories | E621: North | F621: Priya Singh | G621: 1 | H621: 2499 | I621: =G621*H621 -> 2499

Sheet Summary Dashboard
B2: Retail Sales Analysis — FY 2024 (Post-Cleaning)
B3: Portfolio Project | Data Cleaning + Analysis | Excel
B5: KEY METRICS
B6: Total Revenue | C6: =SUM('Clean Data'!I2:I621) -> 9261406
B7: Total Orders | C7: =COUNTA('Clean Data'!A2:A621) -> 620
B8: Avg Order Value | C8: =C6/C7 -> 14937.752
B9: Total Units Sold | C9: =SUM('Clean Data'!G2:G621) -> 4594
B10: REVENUE BY CATEGORY | E10: REVENUE BY REGION | H10: REVENUE BY SALES REP
B11: Category | C11: Revenue | E11: Region | F11: Revenue | H11: Sales Rep | I11: Revenue
B12: Accessories | C12: =SUMIFS('Clean Data'!$I$2:$I$621,'Clean Data'!$D$2:$D$621,B12) -> 2134961 | E12: East | F12: =SUMIFS('Clean Data'!$I$2:$I$621,'Clean Data'!$E$2:$E$621,E12) -> 2372143 | H12: Amit Sharma | I12: =SUMIFS('Clean Data'!$I$2:$I$621,'Clean Data'!$F$2:$F$621,H12) -> 2508447
B13: Electronics | C13: =SUMIFS('Clean Data'!$I$2:$I$621,'Clean Data'!$D$2:$D$621,B13) -> 6386543 | E13: North | F13: =SUMIFS('Clean Data'!$I$2:$I$621,'Clean Data'!$E$2:$E$621,E13) -> 2480769 | H13: Karan Mehta | I13: =SUMIFS('Clean Data'!$I$2:$I$621,'Clean Data'!$F$2:$F$621,H13) -> 1177957
B14: Furniture | C14: =SUMIFS('Clean Data'!$I$2:$I$621,'Clean Data'!$D$2:$D$621,B14) -> 739902 | E14: South | F14: =SUMIFS('Clean Data'!$I$2:$I$621,'Clean Data'!$E$2:$E$621,E14) -> 2341769 | H14: Priya Singh | I14: =SUMIFS('Clean Data'!$I$2:$I$621,'Clean Data'!$F$2:$F$621,H14) -> 1620011
E15: West | F15: =SUMIFS('Clean Data'!$I$2:$I$621,'Clean Data'!$E$2:$E$621,E15) -> 2066725 | H15: Rohit Verma | I15: =SUMIFS('Clean Data'!$I$2:$I$621,'Clean Data'!$F$2:$F$621,H15) -> 1827283
H16: Sneha Patel | I16: =SUMIFS('Clean Data'!$I$2:$I$621,'Clean Data'!$F$2:$F$621,H16) -> 1869685
H17: Unassigned | I17: =SUMIFS('Clean Data'!$I$2:$I$621,'Clean Data'!$F$2:$F$621,H17) -> 258023
B21: REVENUE BY PRODUCT
B22: Product | C22: Revenue
B23: Bluetooth Speaker | C23: =SUMIFS('Clean Data'!$I$2:$I$621,'Clean Data'!$C$2:$C$621,B23) -> 919289
B24: Cable Organizer | C24: =SUMIFS('Clean Data'!$I$2:$I$621,'Clean Data'!$C$2:$C$621,B24) -> 126477
B25: Desk Lamp | C25: =SUMIFS('Clean Data'!$I$2:$I$621,'Clean Data'!$C$2:$C$621,B25) -> 235563
B26: Laptop Stand | C26: =SUMIFS('Clean Data'!$I$2:$I$621,'Clean Data'!$C$2:$C$621,B26) -> 504339
B27: Mechanical Keyboard | C27: =SUMIFS('Clean Data'!$I$2:$I$621,'Clean Data'!$C$2:$C$621,B27) -> 1129548
B28: Monitor 24in | C28: =SUMIFS('Clean Data'!$I$2:$I$621,'Clean Data'!$C$2:$C$621,B28) -> 4067548
B29: Power Bank | C29: =SUMIFS('Clean Data'!$I$2:$I$621,'Clean Data'!$C$2:$C$621,B29) -> 562125
B30: USB-C Hub | C30: =SUMIFS('Clean Data'!$I$2:$I$621,'Clean Data'!$C$2:$C$621,B30) -> 565065
B31: Webcam HD | C31: =SUMIFS('Clean Data'!$I$2:$I$621,'Clean Data'!$C$2:$C$621,B31) -> 837581
B32: Wireless Mouse | C32: =SUMIFS('Clean Data'!$I$2:$I$621,'Clean Data'!$C$2:$C$621,B32) -> 313871

Sheet Monthly Trend
B2: MONTHLY REVENUE TREND
B3: Month | C3: Revenue
B4: Jan | C4: =SUMPRODUCT((TEXT('Clean Data'!$B$2:$B$621,"YYYY-MM")="2024-01")*'Clean Data'!$I$2:$I$621) -> 921922
B5: Feb | C5: =SUMPRODUCT((TEXT('Clean Data'!$B$2:$B$621,"YYYY-MM")="2024-02")*'Clean Data'!$I$2:$I$621) -> 673239
B6: Mar | C6: =SUMPRODUCT((TEXT('Clean Data'!$B$2:$B$621,"YYYY-MM")="2024-03")*'Clean Data'!$I$2:$I$621) -> 946322
B7: Apr | C7: =SUMPRODUCT((TEXT('Clean Data'!$B$2:$B$621,"YYYY-MM")="2024-04")*'Clean Data'!$I$2:$I$621) -> 945430
B8: May | C8: =SUMPRODUCT((TEXT('Clean Data'!$B$2:$B$621,"YYYY-MM")="2024-05")*'Clean Data'!$I$2:$I$621) -> 715642
B9: Jun | C9: =SUMPRODUCT((TEXT('Clean Data'!$B$2:$B$621,"YYYY-MM")="2024-06")*'Clean Data'!$I$2:$I$621) -> 601016
B10: Jul | C10: =SUMPRODUCT((TEXT('Clean Data'!$B$2:$B$621,"YYYY-MM")="2024-07")*'Clean Data'!$I$2:$I$621) -> 746642
B11: Aug | C11: =SUMPRODUCT((TEXT('Clean Data'!$B$2:$B$621,"YYYY-MM")="2024-08")*'Clean Data'!$I$2:$I$621) -> 896131
B12: Sep | C12: =SUMPRODUCT((TEXT('Clean Data'!$B$2:$B$621,"YYYY-MM")="2024-09")*'Clean Data'!$I$2:$I$621) -> 660964
B13: Oct | C13: =SUMPRODUCT((TEXT('Clean Data'!$B$2:$B$621,"YYYY-MM")="2024-10")*'Clean Data'!$I$2:$I$621) -> 824132
B14: Nov | C14: =SUMPRODUCT((TEXT('Clean Data'!$B$2:$B$621,"YYYY-MM")="2024-11")*'Clean Data'!$I$2:$I$621) -> 542940
B15: Dec | C15: =SUMPRODUCT((TEXT('Clean Data'!$B$2:$B$621,"YYYY-MM")="2024-12")*'Clean Data'!$I$2:$I$621) -> 787026
